{
  "simple": {
    "name": "ASimple System (2 branches)",
    "num_branches": 2,
    "total_flow": 0.01,
    "temperature": 40,
    "advanced_newton": {
      "success": true,
      "time": 0.0022835731506347656,
      "iterations": 38,
      "converged": true,
      "flows": [
        0.006401226812199901,
        0.0035987731878000984
      ],
      "pressure_drops": [
        12995426.84039256,
        12995426.839564515
      ]
    },
    "advanced_iterative": {
      "success": true,
      "time": 0.0003228187561035156,
      "iterations": 11,
      "converged": true,
      "flows": [
        0.006400146656959475,
        0.003599853343040525
      ],
      "pressure_drops": [
        12991045.064935183,
        13003218.491419226
      ]
    },
    "basic": {
      "success": true,
      "time": 0.0002703666687011719,
      "iterations": 11,
      "converged": true,
      "flows": [
        0.006400146656959475,
        0.003599853343040525
      ],
      "pressure_drops": [
        12991045.064935183,
        13003218.491419226
      ]
    }
  },
  "complex": {
    "name": "Complex System (6 branches)",
    "num_branches": 6,
    "total_flow": 0.025,
    "temperature": 45,
    "advanced_newton": {
      "success": true,
      "time": 0.0040323734283447266,
      "iterations": 38,
      "converged": true,
      "flows": [
        0.007159151456285784,
        0.008114478325132958,
        0.0002093181354539508,
        3.377156880917138e-05,
        0.0007877831806410849,
        0.00869549733367705
      ],
      "pressure_drops": [
        1320207.0119163936,
        1320207.0119154716,
        1320207.0119285614,
        1320207.0122181769,
        1320207.0122173615,
        1320207.0111378627
      ]
    },
    "advanced_iterative": {
      "success": true,
      "time": 0.0005404949188232422,
      "iterations": 12,
      "converged": true,
      "flows": [
        0.007160357401996025,
        0.00811503497665632,
        0.00020974478781116452,
        3.3754647091173155e-05,
        0.0007871950524715907,
        0.008693913133973727
      ],
      "pressure_drops": [
        1320650.6097970104,
        1320386.9709608064,
        1325590.9223587865,
        1318884.5538911943,
        1318260.704381646,
        1317997.7358506327
      ]
    },
    "basic": {
      "success": true,
      "time": 0.0004782676696777344,
      "iterations": 13,
      "converged": true,
      "flows": [
        0.004370268595244108,
        0.004941496294700626,
        0.004855962564161408,
        0.004332365368212602,
        0.0004780244739221981,
        0.006021882703759061
      ],
      "pressure_drops": [
        493677.3973171416,
        493688.2574344035,
        493698.76567018474,
        493697.30252502766,
        493839.1913518433,
        494075.6335259351
      ]
    }
  },
  "large_10": {
    "name": "Large System (10 branches)",
    "num_branches": 10,
    "total_flow": 0.05,
    "temperature": 40,
    "advanced_newton": {
      "success": true,
      "time": 0.0077440738677978516,
      "iterations": 50,
      "converged": false,
      "flows": [
        9.370489845906082e-05,
        0.00895438843899088,
        0.0005184807948983383,
        0.008673671867017063,
        0.00027098072416614435,
        0.000802866731010675,
        9.625638991753312e-05,
        0.009432987634041962,
        0.0005288030885260014,
        0.02062785943297234
      ],
      "pressure_drops": [
        152792.7182234708,
        206012.16622896458,
        152802.4543928198,
        63622.88239821281,
        152808.3580710822,
        146392.6269121951,
        152806.33695832195,
        101476.32061341332,
        152808.00668672132,
        92090.48798655558
      ]
    },
    "advanced_iterative": {
      "success": true,
      "time": 0.0009243488311767578,
      "iterations": 17,
      "converged": true,
      "flows": [
        8.49721358948681e-05,
        0.003517435654353988,
        0.00047089480704431725,
        0.01599240898453078,
        0.0002466993984658235,
        0.0006950136309333193,
        8.751189321748126e-05,
        0.007074348620462156,
        0.00048120365419595753,
        0.02134951122090131
      ],
      "pressure_drops": [
        126672.29671210988,
        126688.4046162535,
        126674.51709741582,
        126570.77345357605,
        126685.92243281504,
        126726.97378309807,
        126671.94292877444,
        126688.40317374268,
        126680.96567883846,
        126574.48896401245
      ]
    },
    "basic": {
      "success": true,
      "time": 0.0006926059722900391,
      "iterations": 15,
      "converged": true,
      "flows": [
        9.100112006894718e-05,
        0.004011945765300847,
        0.000503762802177896,
        0.012955611101013679,
        0.00026352551702390716,
        0.0007924569379315434,
        9.354655745240229e-05,
        0.008068918620380054,
        0.00051414053191441,
        0.022705091046736316
      ],
      "pressure_drops": [
        144444.4914884772,
        144499.3052776247,
        144459.97711344357,
        144447.6271105113,
        144527.56665495268,
        144494.53237719287,
        144445.71763323978,
        144499.29883269544,
        144498.95660710978,
        144455.43220070348
      ]
    }
  },
  "large_20": {
    "name": "Large System (20 branches)",
    "num_branches": 20,
    "total_flow": 0.05,
    "temperature": 40,
    "advanced_newton": {
      "success": true,
      "time": 0.008923768997192383,
      "iterations": 29,
      "converged": true,
      "flows": [
        4.358972091276117e-05,
        0.0010022850011253298,
        0.00024531133338302985,
        0.004921433086333691,
        0.00013151041872512285,
        0.00019798222244450957,
        4.605893369182532e-05,
        0.00201581899216228,
        0.0002554507982869335,
        0.01870705432108952,
        8.699615384797649e-05,
        0.000637817727988846,
        4.722950574352646e-05,
        0.0077336805642386555,
        0.0002558534793422918,
        0.0001259886870101425,
        0.0001258438685896719,
        0.003167715559112153,
        4.729597815020117e-05,
        0.010205083647821536
      ],
      "pressure_drops": [
        36099.562327546184,
        36099.562363334444,
        36099.56263949685,
        36099.56236333443,
        36099.562473913524,
        36099.56236333442,
        36099.562327017695,
        36099.562363334444,
        36099.56308606277,
        36099.56234252326,
        36099.56232157662,
        36099.56236333442,
        36099.56232710825,
        36099.56236333443,
        36099.563117497935,
        36099.562363334444,
        36099.562403186865,
        36099.56236333442,
        36099.56232712094,
        36099.56236333442
      ]
    },
    "advanced_iterative": {
      "success": true,
      "time": 0.001251220703125,
      "iterations": 15,
      "converged": true,
      "flows": [
        4.358663727944501e-05,
        0.001002337059962632,
        0.00024530854064191895,
        0.004921686776731491,
        0.0001315377631864879,
        0.00019799290167051565,
        4.605622433374465e-05,
        0.002015923195097174,
        0.00025548003881580055,
        0.018705435003218803,
        8.699101397083947e-05,
        0.0006378510357855052,
        4.72274543561886e-05,
        0.007734078938592039,
        0.00025588516860927,
        0.00012599566232688564,
        0.00012584440917353607,
        0.0031678790245952535,
        4.729398121738109e-05,
        0.010205609170435087
      ],